UserPrincipalName,DisplayName,IsAdmin,MFAStatus,DefaultMethod
ana.lopez@birchlogistics.example,Ana Lopez,False,Enforced,PhoneAppOTP
ben.kim@birchlogistics.example,Ben Kim,False,Enforced,PhoneAppNotification
cara.patel@birchlogistics.example,Cara Patel,False,Enforced,PhoneAppNotification
dev.nguyen@birchlogistics.example,Dev Nguyen,False,Enforced,PhoneAppOTP
eli.smith@birchlogistics.example,Eli Smith,False,Enforced,PhoneAppNotification
fay.garcia@birchlogistics.example,Fay Garcia,False,Enforced,PhoneAppNotification
gus.chen@birchlogistics.example,Gus Chen,False,Enforced,PhoneAppOTP
hana.okafor@birchlogistics.example,Hana Okafor,False,Enforced,PhoneAppNotification
ivan.brown@birchlogistics.example,Ivan Brown,False,Enforced,PhoneAppNotification
jo.rossi@birchlogistics.example,Jo Rossi,False,Enforced,PhoneAppOTP
kai.lopez@birchlogistics.example,Kai Lopez,False,Enforced,PhoneAppNotification
lena.kim@birchlogistics.example,Lena Kim,False,Enforced,PhoneAppNotification
max.patel@birchlogistics.example,Max Patel,False,Enforced,PhoneAppOTP
nia.nguyen@birchlogistics.example,Nia Nguyen,False,Enforced,PhoneAppNotification
omar.smith@birchlogistics.example,Omar Smith,False,Enforced,PhoneAppNotification
pia.garcia@birchlogistics.example,Pia Garcia,False,Enforced,PhoneAppOTP
quinn.chen@birchlogistics.example,Quinn Chen,False,Enforced,PhoneAppNotification
ravi.okafor@birchlogistics.example,Ravi Okafor,False,Enforced,PhoneAppNotification
sara.brown@birchlogistics.example,Sara Brown,False,Enforced,PhoneAppOTP
tom.rossi@birchlogistics.example,Tom Rossi,False,Enforced,PhoneAppNotification
uma.lopez@birchlogistics.example,Uma Lopez,False,Enforced,PhoneAppNotification
vic.kim@birchlogistics.example,Vic Kim,False,Enforced,PhoneAppOTP
wes.patel@birchlogistics.example,Wes Patel,False,Enforced,PhoneAppNotification
xia.nguyen@birchlogistics.example,Xia Nguyen,False,Enforced,PhoneAppNotification
yuri.smith@birchlogistics.example,Yuri Smith,False,Enforced,PhoneAppOTP
zoe.garcia@birchlogistics.example,Zoe Garcia,False,Enforced,PhoneAppNotification
abe.chen@birchlogistics.example,Abe Chen,False,Enforced,PhoneAppNotification
bea.okafor@birchlogistics.example,Bea Okafor,False,Enforced,PhoneAppOTP
cal.brown@birchlogistics.example,Cal Brown,False,Enforced,PhoneAppNotification
dee.rossi@birchlogistics.example,Dee Rossi,False,Enforced,PhoneAppNotification
it-admin@birchlogistics.example,IT Admin,True,Enforced,PhoneAppNotification
msp-admin@birchlogistics.example,MSP Admin,True,Enforced,PhoneAppNotification
